id,email,passwd,admin,name,image,created_at
001,001@126.com,001.pwd,FALSE,001Name,001Image,admincq
002,001@127.com,2.pwd,FALSE,2Name,2Image,admincq
003,001@128.com,3.pwd,FALSE,3Name,3Image,admincq
004,001@129.com,4.pwd,FALSE,4Name,4Image,admincq
005,001@130.com,5.pwd,FALSE,5Name,5Image,admincq
006,001@131.com,6.pwd,FALSE,6Name,6Image,admincq
007,001@132.com,7.pwd,FALSE,7Name,7Image,admincq
008,001@133.com,8.pwd,FALSE,8Name,8Image,admincq
009,001@134.com,9.pwd,FALSE,9Name,9Image,admincq
010,001@135.com,10.pwd,FALSE,10Name,10Image,admincq
011,001@136.com,11.pwd,FALSE,11Name,11Image,admincq
012,001@137.com,12.pwd,FALSE,12Name,12Image,admincq
013,001@138.com,13.pwd,FALSE,13Name,13Image,admincq
014,001@139.com,14.pwd,FALSE,14Name,14Image,admincq
015,001@140.com,15.pwd,FALSE,15Name,15Image,admincq
016,001@141.com,16.pwd,FALSE,16Name,16Image,admincq
017,001@142.com,17.pwd,FALSE,17Name,17Image,admincq
018,001@143.com,18.pwd,FALSE,18Name,18Image,admincq
019,001@144.com,19.pwd,FALSE,19Name,19Image,admincq
020,001@145.com,20.pwd,FALSE,20Name,20Image,admincq
021,001@146.com,21.pwd,FALSE,21Name,21Image,admincq
